building,street,unit,type,pdf_x0,pdf_y0,pdf_x1,pdf_y1,px_x0,px_y0,px_x1,px_y1
1809,BA,1,3-4BR,424.68,453.64,445.4,461.04,1857.9,1457.5,1953.2,1491.6
1809,BA,2,3-4BR,403.96,453.64,424.68,461.04,1762.6,1457.5,1857.9,1491.6
1809,BA,3,3-4BR,424.68,461.04,445.4,468.44,1857.9,1491.6,1953.2,1525.6
1809,BA,4,3-4BR,403.96,461.04,424.68,468.44,1762.6,1491.6,1857.9,1525.6
1810,BA,1,3-4BR,466.12,453.64,486.84,461.04,2048.6,1457.5,2143.9,1491.6
1810,BA,2,3-4BR,486.84,453.64,507.56,461.04,2143.9,1457.5,2239.2,1491.6
1810,BA,3,3-4BR,466.12,461.04,486.84,468.44,2048.6,1491.6,2143.9,1525.6
1810,BA,4,3-4BR,486.84,461.04,507.56,468.44,2143.9,1491.6,2239.2,1525.6
1815,BA,1,3-4BR,424.68,468.44,445.4,475.84,1857.9,1525.6,1953.2,1559.7
1815,BA,2,3-4BR,403.96,468.44,424.68,475.84,1762.6,1525.6,1857.9,1559.7
1815,BA,3,3-4BR,424.68,475.84,445.4,483.24,1857.9,1559.7,1953.2,1593.7
1815,BA,4,3-4BR,403.96,475.84,424.68,483.24,1762.6,1559.7,1857.9,1593.7
1820,BA,1,3-4BR,466.12,468.44,486.84,475.84,2048.6,1525.6,2143.9,1559.7
1820,BA,2,3-4BR,486.84,468.44,507.56,475.84,2143.9,1525.6,2239.2,1559.7
1820,BA,3,3-4BR,466.12,475.84,486.84,483.24,2048.6,1559.7,2143.9,1593.7
1820,BA,4,3-4BR,486.84,475.84,507.56,483.24,2143.9,1559.7,2239.2,1593.7
1825,BA,1,3-4BR,424.68,483.24,445.4,490.64,1857.9,1593.7,1953.2,1627.7
1825,BA,2,3-4BR,403.96,483.24,424.68,490.64,1762.6,1593.7,1857.9,1627.7
1825,BA,3,3-4BR,424.68,490.64,445.4,498.04,1857.9,1627.7,1953.2,1661.8
1825,BA,4,3-4BR,403.96,490.64,424.68,498.04,1762.6,1627.7,1857.9,1661.8
1829,BA,1,3-4BR,424.68,498.04,445.4,505.44,1857.9,1661.8,1953.2,1695.8
1829,BA,2,3-4BR,403.96,498.04,424.68,505.44,1762.6,1661.8,1857.9,1695.8
1829,BA,3,3-4BR,424.68,505.44,445.4,512.84,1857.9,1695.8,1953.2,1729.9
1829,BA,4,3-4BR,403.96,505.44,424.68,512.84,1762.6,1695.8,1857.9,1729.9
1830,BA,1,3-4BR,466.12,483.24,486.84,490.64,2048.6,1593.7,2143.9,1627.7
1830,BA,2,3-4BR,486.84,483.24,507.56,490.64,2143.9,1593.7,2239.2,1627.7
1830,BA,3,3-4BR,466.12,490.64,486.84,498.04,2048.6,1627.7,2143.9,1661.8
1830,BA,4,3-4BR,486.84,490.64,507.56,498.04,2143.9,1627.7,2239.2,1661.8
1839,BA,1,3-4BR,424.68,512.84,445.4,520.24,1857.9,1729.9,1953.2,1763.9
1839,BA,2,3-4BR,403.96,512.84,424.68,520.24,1762.6,1729.9,1857.9,1763.9
1839,BA,3,3-4BR,424.68,520.24,445.4,527.64,1857.9,1763.9,1953.2,1797.9
1839,BA,4,3-4BR,403.96,520.24,424.68,527.64,1762.6,1763.9,1857.9,1797.9
1840,BA,1,3-4BR,466.12,498.04,486.84,505.44,2048.6,1661.8,2143.9,1695.8
1840,BA,2,3-4BR,486.84,498.04,507.56,505.44,2143.9,1661.8,2239.2,1695.8
1840,BA,3,3-4BR,466.12,505.44,486.84,512.84,2048.6,1695.8,2143.9,1729.9
1840,BA,4,3-4BR,486.84,505.44,507.56,512.84,2143.9,1695.8,2239.2,1729.9
1806,BW,1,3-4BR,77.62,435.14,98.34,442.54,261.5,1372.4,356.8,1406.5
1806,BW,2,3-4BR,98.34,435.14,119.06,442.54,356.8,1372.4,452.1,1406.5
1806,BW,3,3-4BR,77.62,442.54,98.34,449.94,261.5,1406.5,356.8,1440.5
1806,BW,4,3-4BR,98.34,442.54,119.06,449.94,356.8,1406.5,452.1,1440.5
1816,BW,1,3-4BR,77.62,449.94,98.34,457.34,261.5,1440.5,356.8,1474.6
1816,BW,2,3-4BR,98.34,449.94,119.06,457.34,356.8,1440.5,452.1,1474.6
1816,BW,3,3-4BR,77.62,457.34,98.34,464.74,261.5,1474.6,356.8,1508.6
1816,BW,4,3-4BR,98.34,457.34,119.06,464.74,356.8,1474.6,452.1,1508.6
3645,CC,1,1BR,600.8,579.44,621.52,586.84,2668.1,2036.2,2763.4,2070.3
3645,CC,2,1BR,600.8,572.04,621.52,579.44,2668.1,2002.2,2763.4,2036.2
3645,CC,3,1BR,600.8,564.64,621.52,572.04,2668.1,1968.1,2763.4,2002.2
3645,CC,4,1BR,600.8,557.24,621.52,564.64,2668.1,1934.1,2763.4,1968.1
3645,CC,5,1BR,580.08,579.44,600.8,586.84,2572.8,2036.2,2668.1,2070.3
3645,CC,6,1BR,580.08,572.04,600.8,579.44,2572.8,2002.2,2668.1,2036.2
3645,CC,7,1BR,580.08,564.64,600.8,572.04,2572.8,1968.1,2668.1,2002.2
3645,CC,8,1BR,580.08,557.24,600.8,564.64,2572.8,1934.1,2668.1,1968.1
3651,CC,1,1BR,559.36,579.44,580.08,586.84,2477.5,2036.2,2572.8,2070.3
3651,CC,2,1BR,559.36,572.04,580.08,579.44,2477.5,2002.2,2572.8,2036.2
3651,CC,3,1BR,559.36,564.64,580.08,572.04,2477.5,1968.1,2572.8,2002.2
3651,CC,4,1BR,559.36,557.24,580.08,564.64,2477.5,1934.1,2572.8,1968.1
3651,CC,5,1BR,538.64,579.44,559.36,586.84,2382.1,2036.2,2477.5,2070.3
3651,CC,6,1BR,538.64,572.04,559.36,579.44,2382.1,2002.2,2477.5,2036.2
3651,CC,7,1BR,538.64,564.64,559.36,572.04,2382.1,1968.1,2477.5,2002.2
3651,CC,8,1BR,538.64,557.24,559.36,564.64,2382.1,1934.1,2477.5,1968.1
3657,CC,1,1BR,517.92,579.44,538.64,586.84,2286.8,2036.2,2382.1,2070.3
3657,CC,2,1BR,517.92,572.04,538.64,579.44,2286.8,2002.2,2382.1,2036.2
3657,CC,3,1BR,517.92,564.64,538.64,572.04,2286.8,1968.1,2382.1,2002.2
3657,CC,4,1BR,517.92,557.24,538.64,564.64,2286.8,1934.1,2382.1,1968.1
3657,CC,5,1BR,497.2,579.44,517.92,586.84,2191.5,2036.2,2286.8,2070.3
3657,CC,6,1BR,497.2,572.04,517.92,579.44,2191.5,2002.2,2286.8,2036.2
3657,CC,7,1BR,497.2,564.64,517.92,572.04,2191.5,1968.1,2286.8,2002.2
3657,CC,8,1BR,497.2,557.24,517.92,564.64,2191.5,1934.1,2286.8,1968.1
3663,CC,1,1BR,476.48,579.44,497.2,586.84,2096.2,2036.2,2191.5,2070.3
3663,CC,2,1BR,476.48,572.04,497.2,579.44,2096.2,2002.2,2191.5,2036.2
3663,CC,3,1BR,476.48,564.64,497.2,572.04,2096.2,1968.1,2191.5,2002.2
3663,CC,4,1BR,476.48,557.24,497.2,564.64,2096.2,1934.1,2191.5,1968.1
3663,CC,5,1BR,455.76,579.44,476.48,586.84,2000.9,2036.2,2096.2,2070.3
3663,CC,6,1BR,455.76,572.04,476.48,579.44,2000.9,2002.2,2096.2,2036.2
3663,CC,7,1BR,455.76,564.64,476.48,572.04,2000.9,1968.1,2096.2,2002.2
3663,CC,8,1BR,455.76,557.24,476.48,564.64,2000.9,1934.1,2096.2,1968.1
3671,CC,1,1BR,435.04,579.44,455.76,586.84,1905.6,2036.2,2000.9,2070.3
3671,CC,2,1BR,435.04,572.04,455.76,579.44,1905.6,2002.2,2000.9,2036.2
3671,CC,3,1BR,435.04,564.64,455.76,572.04,1905.6,1968.1,2000.9,2002.2
3671,CC,4,1BR,435.04,557.24,455.76,564.64,1905.6,1934.1,2000.9,1968.1
3671,CC,5,1BR,414.32,579.44,435.04,586.84,1810.3,2036.2,1905.6,2070.3
3671,CC,6,1BR,414.32,572.04,435.04,579.44,1810.3,2002.2,1905.6,2036.2
3671,CC,7,1BR,414.32,564.64,435.04,572.04,1810.3,1968.1,1905.6,2002.2
3671,CC,8,1BR,414.32,557.24,435.04,564.64,1810.3,1934.1,1905.6,1968.1
3683,CC,1,1BR,372.88,579.44,393.6,586.84,1619.6,2036.2,1715,2070.3
3683,CC,2,1BR,372.88,572.04,393.6,579.44,1619.6,2002.2,1715,2036.2
3683,CC,3,1BR,372.88,564.64,393.6,572.04,1619.6,1968.1,1715,2002.2
3683,CC,4,1BR,372.88,557.24,393.6,564.64,1619.6,1934.1,1715,1968.1
3683,CC,5,1BR,352.16,579.44,372.88,586.84,1524.3,2036.2,1619.6,2070.3
3683,CC,6,1BR,352.16,572.04,372.88,579.44,1524.3,2002.2,1619.6,2036.2
3683,CC,7,1BR,352.16,564.64,372.88,572.04,1524.3,1968.1,1619.6,2002.2
3683,CC,8,1BR,352.16,557.24,372.88,564.64,1524.3,1934.1,1619.6,1968.1
3689,CC,1,1BR,331.44,579.44,352.16,586.84,1429,2036.2,1524.3,2070.3
3689,CC,2,1BR,331.44,572.04,352.16,579.44,1429,2002.2,1524.3,2036.2
3689,CC,3,1BR,331.44,564.64,352.16,572.04,1429,1968.1,1524.3,2002.2
3689,CC,4,1BR,331.44,557.24,352.16,564.64,1429,1934.1,1524.3,1968.1
3689,CC,5,1BR,310.72,579.44,331.44,586.84,1333.7,2036.2,1429,2070.3
3689,CC,6,1BR,310.72,572.04,331.44,579.44,1333.7,2002.2,1429,2036.2
3689,CC,7,1BR,310.72,564.64,331.44,572.04,1333.7,1968.1,1429,2002.2
3689,CC,8,1BR,310.72,557.24,331.44,564.64,1333.7,1934.1,1429,1968.1
3695,CC,1,1BR,290,579.44,310.72,586.84,1238.4,2036.2,1333.7,2070.3
3695,CC,2,1BR,290,572.04,310.72,579.44,1238.4,2002.2,1333.7,2036.2
3695,CC,3,1BR,290,564.64,310.72,572.04,1238.4,1968.1,1333.7,2002.2
3695,CC,4,1BR,290,557.24,310.72,564.64,1238.4,1934.1,1333.7,1968.1
3695,CC,5,1BR,269.28,579.44,290,586.84,1143.1,2036.2,1238.4,2070.3
3695,CC,6,1BR,269.28,572.04,290,579.44,1143.1,2002.2,1238.4,2036.2
3695,CC,7,1BR,269.28,564.64,290,572.04,1143.1,1968.1,1238.4,2002.2
3695,CC,8,1BR,269.28,557.24,290,564.64,1143.1,1934.1,1238.4,1968.1
3701,CC,1,1BR,248.56,579.44,269.28,586.84,1047.8,2036.2,1143.1,2070.3
3701,CC,2,1BR,248.56,572.04,269.28,579.44,1047.8,2002.2,1143.1,2036.2
3701,CC,3,1BR,248.56,564.64,269.28,572.04,1047.8,1968.1,1143.1,2002.2
3701,CC,4,1BR,248.56,557.24,269.28,564.64,1047.8,1934.1,1143.1,1968.1
3701,CC,5,1BR,227.84,579.44,248.56,586.84,952.5,2036.2,1047.8,2070.3
3701,CC,6,1BR,227.84,572.04,248.56,579.44,952.5,2002.2,1047.8,2036.2
3701,CC,7,1BR,227.84,564.64,248.56,572.04,952.5,1968.1,1047.8,2002.2
3701,CC,8,1BR,227.84,557.24,248.56,564.64,952.5,1934.1,1047.8,1968.1
3715,CC,1,1BR,201.94,579.44,222.66,586.84,833.3,2036.2,928.6,2070.3
3715,CC,2,1BR,201.94,572.04,222.66,579.44,833.3,2002.2,928.6,2036.2
3715,CC,3,1BR,201.94,564.64,222.66,572.04,833.3,1968.1,928.6,2002.2
3715,CC,4,1BR,201.94,557.24,222.66,564.64,833.3,1934.1,928.6,1968.1
3715,CC,5,1BR,181.22,579.44,201.94,586.84,738,2036.2,833.3,2070.3
3715,CC,6,1BR,181.22,572.04,201.94,579.44,738,2002.2,833.3,2036.2
3715,CC,7,1BR,181.22,564.64,201.94,572.04,738,1968.1,833.3,2002.2
3715,CC,8,1BR,181.22,557.24,201.94,564.64,738,1934.1,833.3,1968.1
3723,CC,1,1BR,160.5,579.44,181.22,586.84,642.7,2036.2,738,2070.3
3723,CC,2,1BR,160.5,572.04,181.22,579.44,642.7,2002.2,738,2036.2
3723,CC,3,1BR,160.5,564.64,181.22,572.04,642.7,1968.1,738,2002.2
3723,CC,4,1BR,160.5,557.24,181.22,564.64,642.7,1934.1,738,1968.1
3723,CC,5,1BR,139.78,579.44,160.5,586.84,547.4,2036.2,642.7,2070.3
3723,CC,6,1BR,139.78,572.04,160.5,579.44,547.4,2002.2,642.7,2036.2
3723,CC,7,1BR,139.78,564.64,160.5,572.04,547.4,1968.1,642.7,2002.2
3723,CC,8,1BR,139.78,557.24,160.5,564.64,547.4,1934.1,642.7,1968.1
3727,CC,1,1BR,119.06,579.44,139.78,586.84,452.1,2036.2,547.4,2070.3
3727,CC,2,1BR,119.06,572.04,139.78,579.44,452.1,2002.2,547.4,2036.2
3727,CC,3,1BR,119.06,564.64,139.78,572.04,452.1,1968.1,547.4,2002.2
3727,CC,4,1BR,119.06,557.24,139.78,564.64,452.1,1934.1,547.4,1968.1
3727,CC,5,1BR,98.34,579.44,119.06,586.84,356.8,2036.2,452.1,2070.3
3727,CC,6,1BR,98.34,572.04,119.06,579.44,356.8,2002.2,452.1,2036.2
3727,CC,7,1BR,98.34,564.64,119.06,572.04,356.8,1968.1,452.1,2002.2
3727,CC,8,1BR,98.34,557.24,119.06,564.64,356.8,1934.1,452.1,1968.1
3735,CC,1,1BR,77.62,579.44,98.34,586.84,261.5,2036.2,356.8,2070.3
3735,CC,2,1BR,77.62,572.04,98.34,579.44,261.5,2002.2,356.8,2036.2
3735,CC,3,1BR,77.62,564.64,98.34,572.04,261.5,1968.1,356.8,2002.2
3735,CC,4,1BR,77.62,557.24,98.34,564.64,261.5,1934.1,356.8,1968.1
3735,CC,5,1BR,56.9,579.44,77.62,586.84,166.1,2036.2,261.5,2070.3
3735,CC,6,1BR,56.9,572.04,77.62,579.44,166.1,2002.2,261.5,2036.2
3735,CC,7,1BR,56.9,564.64,77.62,572.04,166.1,1968.1,261.5,2002.2
3735,CC,8,1BR,56.9,557.24,77.62,564.64,166.1,1934.1,261.5,1968.1
3699,CH,1,3-4BR,269.28,501.74,290,509.14,1143.1,1678.8,1238.4,1712.8
3699,CH,2,3-4BR,269.28,494.34,290,501.74,1143.1,1644.8,1238.4,1678.8
3699,CH,3,3-4BR,248.56,501.74,269.28,509.14,1047.8,1678.8,1143.1,1712.8
3699,CH,4,3-4BR,248.56,494.34,269.28,501.74,1047.8,1644.8,1143.1,1678.8
3707,CH,1,3-4BR,227.84,501.74,248.56,509.14,952.5,1678.8,1047.8,1712.8
3707,CH,2,3-4BR,227.84,494.34,248.56,501.74,952.5,1644.8,1047.8,1678.8
3707,CH,3,3-4BR,207.12,501.74,227.84,509.14,857.2,1678.8,952.5,1712.8
3707,CH,4,3-4BR,207.12,494.34,227.84,501.74,857.2,1644.8,952.5,1678.8
3553,CL,1,2BR,1056.64,253.84,1077.36,261.24,4764.9,538.5,4860.3,572.5
3553,CL,2,2BR,1056.64,246.44,1077.36,253.84,4764.9,504.4,4860.3,538.5
3553,CL,3,2BR,1077.36,253.84,1098.08,261.24,4860.3,538.5,4955.6,572.5
3553,CL,4,2BR,1077.36,246.44,1098.08,253.84,4860.3,504.4,4955.6,538.5
3554,CL,1,2BR,1056.64,287.14,1077.36,294.54,4764.9,691.6,4860.3,725.7
3554,CL,2,2BR,1056.64,279.74,1077.36,287.14,4764.9,657.6,4860.3,691.6
3554,CL,3,2BR,1077.36,287.14,1098.08,294.54,4860.3,691.6,4955.6,725.7
3554,CL,4,2BR,1077.36,279.74,1098.08,287.14,4860.3,657.6,4955.6,691.6
3559,CL,1,2BR,1015.2,253.84,1035.92,261.24,4574.3,538.5,4669.6,572.5
3559,CL,2,2BR,1015.2,246.44,1035.92,253.84,4574.3,504.4,4669.6,538.5
3559,CL,3,2BR,1035.92,253.84,1056.64,261.24,4669.6,538.5,4764.9,572.5
3559,CL,4,2BR,1035.92,246.44,1056.64,253.84,4669.6,504.4,4764.9,538.5
3560,CL,1,2BR,1015.2,287.14,1035.92,294.54,4574.3,691.6,4669.6,725.7
3560,CL,2,2BR,1015.2,279.74,1035.92,287.14,4574.3,657.6,4669.6,691.6
3560,CL,3,2BR,1035.92,287.14,1056.64,294.54,4669.6,691.6,4764.9,725.7
3560,CL,4,2BR,1035.92,279.74,1056.64,287.14,4669.6,657.6,4764.9,691.6
3561,CL,1,2BR,973.76,253.84,994.48,261.24,4383.7,538.5,4479,572.5
3561,CL,2,2BR,973.76,246.44,994.48,253.84,4383.7,504.4,4479,538.5
3561,CL,3,2BR,994.48,253.84,1015.2,261.24,4479,538.5,4574.3,572.5
3561,CL,4,2BR,994.48,246.44,1015.2,253.84,4479,504.4,4574.3,538.5
3562,CL,1,2BR,973.76,287.14,994.48,294.54,4383.7,691.6,4479,725.7
3562,CL,2,2BR,973.76,279.74,994.48,287.14,4383.7,657.6,4479,691.6
3562,CL,3,2BR,994.48,287.14,1015.2,294.54,4479,691.6,4574.3,725.7
3562,CL,4,2BR,994.48,279.74,1015.2,287.14,4479,657.6,4574.3,691.6
3591,CL,1,2BR,839.08,257.54,859.8,264.94,3764.2,555.5,3859.5,589.5
3591,CL,2,2BR,839.08,250.14,859.8,257.54,3764.2,521.4,3859.5,555.5
3591,CL,3,2BR,818.36,257.54,839.08,264.94,3668.9,555.5,3764.2,589.5
3591,CL,4,2BR,818.36,250.14,839.08,257.54,3668.9,521.4,3764.2,555.5
3592,CL,1,2BR,839.08,279.74,859.8,287.14,3764.2,657.6,3859.5,691.6
3592,CL,2,2BR,839.08,287.14,859.8,294.54,3764.2,691.6,3859.5,725.7
3592,CL,3,2BR,818.36,279.74,839.08,287.14,3668.9,657.6,3764.2,691.6
3592,CL,4,2BR,818.36,287.14,839.08,294.54,3668.9,691.6,3764.2,725.7
3596,CL,1,2BR,797.64,287.14,818.36,294.54,3573.5,691.6,3668.9,725.7
3596,CL,2,2BR,797.64,279.74,818.36,287.14,3573.5,657.6,3668.9,691.6
3596,CL,3,2BR,776.92,279.74,797.64,287.14,3478.2,657.6,3573.5,691.6
3596,CL,4,2BR,776.92,287.14,797.64,294.54,3478.2,691.6,3573.5,725.7
3597,CL,1,2BR,797.64,257.54,818.36,264.94,3573.5,555.5,3668.9,589.5
3597,CL,2,2BR,797.64,250.14,818.36,257.54,3573.5,521.4,3668.9,555.5
3597,CL,3,2BR,776.92,257.54,797.64,264.94,3478.2,555.5,3573.5,589.5
3597,CL,4,2BR,776.92,250.14,797.64,257.54,3478.2,521.4,3573.5,555.5
3600,CL,1,2BR,756.2,279.74,776.92,287.14,3382.9,657.6,3478.2,691.6
3600,CL,2,2BR,756.2,287.14,776.92,294.54,3382.9,691.6,3478.2,725.7
3600,CL,3,2BR,735.48,279.74,756.2,287.14,3287.6,657.6,3382.9,691.6
3600,CL,4,2BR,735.48,287.14,756.2,294.54,3287.6,691.6,3382.9,725.7
3601,CL,1,2BR,756.2,257.54,776.92,264.94,3382.9,555.5,3478.2,589.5
3601,CL,2,2BR,756.2,250.14,776.92,257.54,3382.9,521.4,3478.2,555.5
3601,CL,3,2BR,735.48,257.54,756.2,264.94,3287.6,555.5,3382.9,589.5
3601,CL,4,2BR,735.48,250.14,756.2,257.54,3287.6,521.4,3382.9,555.5
3632,CL,1,2BR,580.08,279.74,600.8,287.14,2572.8,657.6,2668.1,691.6
3632,CL,2,2BR,580.08,287.14,600.8,294.54,2572.8,691.6,2668.1,725.7
3632,CL,3,2BR,600.8,279.74,621.52,287.14,2668.1,657.6,2763.4,691.6
3632,CL,4,2BR,600.8,287.14,621.52,294.54,2668.1,691.6,2763.4,725.7
3633,CL,1,2BR,600.8,257.54,621.52,264.94,2668.1,555.5,2763.4,589.5
3633,CL,2,2BR,600.8,250.14,621.52,257.54,2668.1,521.4,2763.4,555.5
3633,CL,3,2BR,580.08,257.54,600.8,264.94,2572.8,555.5,2668.1,589.5
3633,CL,4,2BR,580.08,250.14,600.8,257.54,2572.8,521.4,2668.1,555.5
3639,CL,1,2BR,559.36,257.54,580.08,264.94,2477.5,555.5,2572.8,589.5
3639,CL,2,2BR,559.36,250.14,580.08,257.54,2477.5,521.4,2572.8,555.5
3639,CL,3,2BR,538.64,257.54,559.36,264.94,2382.1,555.5,2477.5,589.5
3639,CL,4,2BR,538.64,250.14,559.36,257.54,2382.1,521.4,2477.5,555.5
3640,CL,1,2BR,538.64,279.74,559.36,287.14,2382.1,657.6,2477.5,691.6
3640,CL,2,2BR,538.64,287.14,559.36,294.54,2382.1,691.6,2477.5,725.7
3640,CL,3,2BR,559.36,279.74,580.08,287.14,2477.5,657.6,2572.8,691.6
3640,CL,4,2BR,559.36,287.14,580.08,294.54,2477.5,691.6,2572.8,725.7
3642,CL,1,2BR,497.2,279.74,517.92,287.14,2191.5,657.6,2286.8,691.6
3642,CL,2,2BR,497.2,287.14,517.92,294.54,2191.5,691.6,2286.8,725.7
3642,CL,3,2BR,517.92,279.74,538.64,287.14,2286.8,657.6,2382.1,691.6
3642,CL,4,2BR,517.92,287.14,538.64,294.54,2286.8,691.6,2382.1,725.7
3643,CL,1,2BR,517.92,257.54,538.64,264.94,2286.8,555.5,2382.1,589.5
3643,CL,2,2BR,517.92,250.14,538.64,257.54,2286.8,521.4,2382.1,555.5
3643,CL,3,2BR,497.2,257.54,517.92,264.94,2191.5,555.5,2286.8,589.5
3643,CL,4,2BR,497.2,250.14,517.92,257.54,2191.5,521.4,2286.8,555.5
1709,CW,1,2BR,885.52,179.84,906.24,187.24,3977.8,198.1,4073.1,232.1
1709,CW,2,2BR,864.8,179.84,885.52,187.24,3882.5,198.1,3977.8,232.1
1709,CW,3,2BR,885.52,187.24,906.24,194.64,3977.8,232.1,4073.1,266.1
1709,CW,4,2BR,864.8,187.24,885.52,194.64,3882.5,232.1,3977.8,266.1
1710,CW,1,2BR,926.96,179.84,947.68,187.24,4168.4,198.1,4263.7,232.1
1710,CW,2,2BR,947.68,179.84,968.4,187.24,4263.7,198.1,4359,232.1
1710,CW,3,2BR,926.96,187.24,947.68,194.64,4168.4,232.1,4263.7,266.1
1710,CW,4,2BR,947.68,187.24,968.4,194.64,4263.7,232.1,4359,266.1
1715,CW,1,2BR,885.52,194.64,906.24,202.04,3977.8,266.1,4073.1,300.2
1715,CW,2,2BR,864.8,194.64,885.52,202.04,3882.5,266.1,3977.8,300.2
1715,CW,3,2BR,885.52,202.04,906.24,209.44,3977.8,300.2,4073.1,334.2
1715,CW,4,2BR,864.8,202.04,885.52,209.44,3882.5,300.2,3977.8,334.2
1716,CW,1,2BR,926.96,194.64,947.68,202.04,4168.4,266.1,4263.7,300.2
1716,CW,2,2BR,947.68,194.64,968.4,202.04,4263.7,266.1,4359,300.2
1716,CW,3,2BR,926.96,202.04,947.68,209.44,4168.4,300.2,4263.7,334.2
1716,CW,4,2BR,947.68,202.04,968.4,209.44,4263.7,300.2,4359,334.2
1728,CW,1,2BR,926.96,231.64,947.68,239.04,4168.4,436.3,4263.7,470.4
1728,CW,2,2BR,947.68,231.64,968.4,239.04,4263.7,436.3,4359,470.4
1728,CW,3,2BR,926.96,239.04,947.68,246.44,4168.4,470.4,4263.7,504.4
1728,CW,4,2BR,947.68,239.04,968.4,246.44,4263.7,470.4,4359,504.4
1729,CW,1,2BR,885.52,231.64,906.24,239.04,3977.8,436.3,4073.1,470.4
1729,CW,2,2BR,864.8,231.64,885.52,239.04,3882.5,436.3,3977.8,470.4
1729,CW,3,2BR,885.52,239.04,906.24,246.44,3977.8,470.4,4073.1,504.4
1729,CW,4,2BR,864.8,239.04,885.52,246.44,3882.5,470.4,3977.8,504.4
1733,CW,1,2BR,885.52,246.44,906.24,253.84,3977.8,504.4,4073.1,538.5
1733,CW,2,2BR,864.8,246.44,885.52,253.84,3882.5,504.4,3977.8,538.5
1733,CW,3,2BR,885.52,253.84,906.24,261.24,3977.8,538.5,4073.1,572.5
1733,CW,4,2BR,864.8,253.84,885.52,261.24,3882.5,538.5,3977.8,572.5
1734,CW,1,2BR,926.96,246.44,947.68,253.84,4168.4,504.4,4263.7,538.5
1734,CW,2,2BR,947.68,246.44,968.4,253.84,4263.7,504.4,4359,538.5
1734,CW,3,2BR,926.96,253.84,947.68,261.24,4168.4,538.5,4263.7,572.5
1734,CW,4,2BR,947.68,253.84,968.4,261.24,4263.7,538.5,4359,572.5
1746,CW,1,2BR,926.96,283.44,947.68,290.84,4168.4,674.6,4263.7,708.7
1746,CW,2,2BR,947.68,283.44,968.4,290.84,4263.7,674.6,4359,708.7
1746,CW,3,2BR,926.96,290.84,947.68,298.24,4168.4,708.7,4263.7,742.7
1746,CW,4,2BR,947.68,290.84,968.4,298.24,4263.7,708.7,4359,742.7
1747,CW,1,2BR,885.52,283.44,906.24,290.84,3977.8,674.6,4073.1,708.7
1747,CW,2,2BR,864.8,283.44,885.52,290.84,3882.5,674.6,3977.8,708.7
1747,CW,3,2BR,885.52,290.84,906.24,298.24,3977.8,708.7,4073.1,742.7
1747,CW,4,2BR,864.8,290.84,885.52,298.24,3882.5,708.7,3977.8,742.7
1754,CW,1,2BR,926.96,298.24,947.68,305.64,4168.4,742.7,4263.7,776.7
1754,CW,2,2BR,947.68,298.24,968.4,305.64,4263.7,742.7,4359,776.7
1754,CW,3,2BR,926.96,305.64,947.68,313.04,4168.4,776.7,4263.7,810.8
1754,CW,4,2BR,947.68,305.64,968.4,313.04,4263.7,776.7,4359,810.8
1755,CW,1,2BR,885.52,298.24,906.24,305.64,3977.8,742.7,4073.1,776.7
1755,CW,2,2BR,864.8,298.24,885.52,305.64,3882.5,742.7,3977.8,776.7
1755,CW,3,2BR,885.52,305.64,906.24,313.04,3977.8,776.7,4073.1,810.8
1755,CW,4,2BR,864.8,305.64,885.52,313.04,3882.5,776.7,3977.8,810.8
3552,DE,1,2BR,1056.46,183.54,1077.18,190.94,4764.1,215.1,4859.4,249.1
3552,DE,2,2BR,1077.18,176.14,1097.9,183.54,4859.4,181,4954.7,215.1
3552,DE,3,2BR,1077.18,183.54,1097.9,190.94,4859.4,215.1,4954.7,249.1
3552,DE,4,2BR,1056.46,176.14,1077.18,183.54,4764.1,181,4859.4,215.1
3558,DE,1,2BR,1015.02,183.54,1035.74,190.94,4573.5,215.1,4668.8,249.1
3558,DE,2,2BR,1035.74,176.14,1056.46,183.54,4668.8,181,4764.1,215.1
3558,DE,3,2BR,1035.74,183.54,1056.46,190.94,4668.8,215.1,4764.1,249.1
3558,DE,4,2BR,1015.02,176.14,1035.74,183.54,4573.5,181,4668.8,215.1
3588,DE,1,2BR,818.18,183.54,838.9,190.94,3668,215.1,3763.3,249.1
3588,DE,2,2BR,818.18,176.14,838.9,183.54,3668,181,3763.3,215.1
3588,DE,3,2BR,838.9,183.54,859.62,190.94,3763.3,215.1,3858.7,249.1
3588,DE,4,2BR,838.9,176.14,859.62,183.54,3763.3,181,3858.7,215.1
3644,DU,1,1BR,600.8,623.84,621.52,631.24,2668.1,2240.5,2763.4,2274.5
3644,DU,2,1BR,600.8,631.24,621.52,638.64,2668.1,2274.5,2763.4,2308.5
3644,DU,3,1BR,580.08,623.84,600.8,631.24,2572.8,2240.5,2668.1,2274.5
3644,DU,4,1BR,580.08,631.24,600.8,638.64,2572.8,2274.5,2668.1,2308.5
3644,DU,5,1BR,600.8,638.64,621.52,646.04,2668.1,2308.5,2763.4,2342.6
3644,DU,6,1BR,600.8,646.04,621.52,653.44,2668.1,2342.6,2763.4,2376.6
3644,DU,7,1BR,580.08,638.64,600.8,646.04,2572.8,2308.5,2668.1,2342.6
3644,DU,8,1BR,580.08,646.04,600.8,653.44,2572.8,2342.6,2668.1,2376.6
3662,DU,1,1BR,476.48,623.84,497.2,631.24,2096.2,2240.5,2191.5,2274.5
3662,DU,2,1BR,476.48,631.24,497.2,638.64,2096.2,2274.5,2191.5,2308.5
3662,DU,3,1BR,455.76,623.84,476.48,631.24,2000.9,2240.5,2096.2,2274.5
3662,DU,4,1BR,455.76,631.24,476.48,638.64,2000.9,2274.5,2096.2,2308.5
3670,DU,1,1BR,435.04,623.84,455.76,631.24,1905.6,2240.5,2000.9,2274.5
3670,DU,2,1BR,435.04,631.24,455.76,638.64,1905.6,2274.5,2000.9,2308.5
3670,DU,3,1BR,414.32,623.84,435.04,631.24,1810.3,2240.5,1905.6,2274.5
3670,DU,4,1BR,414.32,631.24,435.04,638.64,1810.3,2274.5,1905.6,2308.5
3714,DU,1,1BR,201.94,623.84,222.66,631.24,833.3,2240.5,928.6,2274.5
3714,DU,2,1BR,201.94,631.24,222.66,638.64,833.3,2274.5,928.6,2308.5
3714,DU,3,1BR,181.22,623.84,201.94,631.24,738,2240.5,833.3,2274.5
3714,DU,4,1BR,181.22,631.24,201.94,638.64,738,2274.5,833.3,2308.5
3722,DU,1,1BR,160.5,623.84,181.22,631.24,642.7,2240.5,738,2274.5
3722,DU,2,1BR,160.5,631.24,181.22,638.64,642.7,2274.5,738,2308.5
3722,DU,3,1BR,139.78,623.84,160.5,631.24,547.4,2240.5,642.7,2274.5
3722,DU,4,1BR,139.78,631.24,160.5,638.64,547.4,2274.5,642.7,2308.5
3726,DU,1,1BR,119.06,623.84,139.78,631.24,452.1,2240.5,547.4,2274.5
3726,DU,2,1BR,119.06,631.24,139.78,638.64,452.1,2274.5,547.4,2308.5
3726,DU,3,1BR,98.34,623.84,119.06,631.24,356.8,2240.5,452.1,2274.5
3726,DU,4,1BR,98.34,631.24,119.06,638.64,356.8,2274.5,452.1,2308.5
3734,DU,1,1BR,77.62,623.84,98.34,631.24,261.5,2240.5,356.8,2274.5
3734,DU,2,1BR,77.62,631.24,98.34,638.64,261.5,2274.5,356.8,2308.5
3734,DU,3,1BR,56.9,623.84,77.62,631.24,166.1,2240.5,261.5,2274.5
3734,DU,4,1BR,56.9,631.24,77.62,638.64,166.1,2274.5,261.5,2308.5
3566,DV,1,2BR,973.58,183.54,994.3,190.94,4382.9,215.1,4478.2,249.1
3566,DV,2,2BR,994.3,176.14,1015.02,183.54,4478.2,181,4573.5,215.1
3566,DV,3,2BR,994.3,183.54,1015.02,190.94,4478.2,215.1,4573.5,249.1
3566,DV,4,2BR,973.58,176.14,994.3,183.54,4382.9,181,4478.2,215.1
3600,DV,1,2BR,776.74,183.54,797.46,190.94,3477.4,215.1,3572.7,249.1
3600,DV,2,2BR,776.74,176.14,797.46,183.54,3477.4,181,3572.7,215.1
3600,DV,3,2BR,797.46,183.54,818.18,190.94,3572.7,215.1,3668,249.1
3600,DV,4,2BR,797.46,176.14,818.18,183.54,3572.7,181,3668,215.1
3606,DV,1,2BR,735.3,183.54,756.02,190.94,3286.8,215.1,3382.1,249.1
3606,DV,2,2BR,735.3,176.14,756.02,183.54,3286.8,181,3382.1,215.1
3606,DV,3,2BR,756.02,183.54,776.74,190.94,3382.1,215.1,3477.4,249.1
3606,DV,4,2BR,756.02,176.14,776.74,183.54,3382.1,181,3477.4,215.1
3661,EG,1,1BR,476.3,646.04,497.02,653.44,2095.4,2342.6,2190.7,2376.6
3661,EG,2,1BR,476.3,638.64,497.02,646.04,2095.4,2308.5,2190.7,2342.6
3661,EG,3,1BR,455.58,646.04,476.3,653.44,2000.1,2342.6,2095.4,2376.6
3661,EG,4,1BR,455.58,638.64,476.3,646.04,2000.1,2308.5,2095.4,2342.6
3669,EG,1,1BR,434.86,646.04,455.58,653.44,1904.8,2342.6,2000.1,2376.6
3669,EG,2,1BR,434.86,638.64,455.58,646.04,1904.8,2308.5,2000.1,2342.6
3669,EG,3,1BR,414.14,646.04,434.86,653.44,1809.4,2342.6,1904.8,2376.6
3669,EG,4,1BR,414.14,638.64,434.86,646.04,1809.4,2308.5,1904.8,2342.6
3682,EG,1,1BR,351.98,668.24,372.7,675.64,1523.5,2444.7,1618.8,2478.7
3682,EG,2,1BR,351.98,675.64,372.7,683.04,1523.5,2478.7,1618.8,2512.8
3682,EG,3,1BR,372.7,668.24,393.42,675.64,1618.8,2444.7,1714.1,2478.7
3682,EG,4,1BR,372.7,675.64,393.42,683.04,1618.8,2478.7,1714.1,2512.8
3682,EG,5,1BR,351.98,683.04,372.7,690.44,1523.5,2512.8,1618.8,2546.8
3682,EG,6,1BR,351.98,690.44,372.7,697.84,1523.5,2546.8,1618.8,2580.9
3682,EG,7,1BR,372.7,683.04,393.42,690.44,1618.8,2512.8,1714.1,2546.8
3682,EG,8,1BR,372.7,690.44,393.42,697.84,1618.8,2546.8,1714.1,2580.9
3692,EG,1,1BR,310.54,668.24,331.26,675.64,1332.9,2444.7,1428.2,2478.7
3692,EG,2,1BR,310.54,675.64,331.26,683.04,1332.9,2478.7,1428.2,2512.8
3692,EG,3,1BR,331.26,668.24,351.98,675.64,1428.2,2444.7,1523.5,2478.7
3692,EG,4,1BR,331.26,675.64,351.98,683.04,1428.2,2478.7,1523.5,2512.8
3692,EG,5,1BR,310.54,683.04,331.26,690.44,1332.9,2512.8,1428.2,2546.8
3692,EG,6,1BR,310.54,690.44,331.26,697.84,1332.9,2546.8,1428.2,2580.9
3692,EG,7,1BR,331.26,683.04,351.98,690.44,1428.2,2512.8,1523.5,2546.8
3692,EG,8,1BR,331.26,690.44,351.98,697.84,1428.2,2546.8,1523.5,2580.9
3698,EG,1,1BR,269.1,668.24,289.82,675.64,1142.3,2444.7,1237.6,2478.7
3698,EG,2,1BR,269.1,675.64,289.82,683.04,1142.3,2478.7,1237.6,2512.8
3698,EG,3,1BR,289.82,668.24,310.54,675.64,1237.6,2444.7,1332.9,2478.7
3698,EG,4,1BR,289.82,675.64,310.54,683.04,1237.6,2478.7,1332.9,2512.8
3698,EG,5,1BR,269.1,683.04,289.82,690.44,1142.3,2512.8,1237.6,2546.8
3698,EG,6,1BR,269.1,690.44,289.82,697.84,1142.3,2546.8,1237.6,2580.9
3698,EG,7,1BR,289.82,683.04,310.54,690.44,1237.6,2512.8,1332.9,2546.8
3698,EG,8,1BR,289.82,690.44,310.54,697.84,1237.6,2546.8,1332.9,2580.9
3704,EG,1,1BR,227.66,668.24,248.38,675.64,951.6,2444.7,1046.9,2478.7
3704,EG,2,1BR,227.66,675.64,248.38,683.04,951.6,2478.7,1046.9,2512.8
3704,EG,3,1BR,248.38,668.24,269.1,675.64,1046.9,2444.7,1142.3,2478.7
3704,EG,4,1BR,248.38,675.64,269.1,683.04,1046.9,2478.7,1142.3,2512.8
3704,EG,5,1BR,227.66,683.04,248.38,690.44,951.6,2512.8,1046.9,2546.8
3704,EG,6,1BR,227.66,690.44,248.38,697.84,951.6,2546.8,1046.9,2580.9
3704,EG,7,1BR,248.38,683.04,269.1,690.44,1046.9,2512.8,1142.3,2546.8
3704,EG,8,1BR,248.38,690.44,269.1,697.84,1046.9,2546.8,1142.3,2580.9
3712,EG,1,1BR,186.22,668.24,206.94,675.64,761,2444.7,856.3,2478.7
3712,EG,2,1BR,186.22,675.64,206.94,683.04,761,2478.7,856.3,2512.8
3712,EG,3,1BR,206.94,668.24,227.66,675.64,856.3,2444.7,951.6,2478.7
3712,EG,4,1BR,206.94,675.64,227.66,683.04,856.3,2478.7,951.6,2512.8
3712,EG,5,1BR,186.22,683.04,206.94,690.44,761,2512.8,856.3,2546.8
3712,EG,6,1BR,186.22,690.44,206.94,697.84,761,2546.8,856.3,2580.9
3712,EG,7,1BR,206.94,683.04,227.66,690.44,856.3,2512.8,951.6,2546.8
3712,EG,8,1BR,206.94,690.44,227.66,697.84,856.3,2546.8,951.6,2580.9
3713,EG,1,1BR,201.76,646.04,222.48,653.44,832.5,2342.6,927.8,2376.6
3713,EG,2,1BR,201.76,638.64,222.48,646.04,832.5,2308.5,927.8,2342.6
3713,EG,3,1BR,181.04,646.04,201.76,653.44,737.2,2342.6,832.5,2376.6
3713,EG,4,1BR,181.04,638.64,201.76,646.04,737.2,2308.5,832.5,2342.6
3721,EG,1,1BR,160.32,646.04,181.04,653.44,641.9,2342.6,737.2,2376.6
3721,EG,2,1BR,160.32,638.64,181.04,646.04,641.9,2308.5,737.2,2342.6
3721,EG,3,1BR,139.6,646.04,160.32,653.44,546.6,2342.6,641.9,2376.6
3721,EG,4,1BR,139.6,638.64,160.32,646.04,546.6,2308.5,641.9,2342.6
3725,EG,1,1BR,118.88,646.04,139.6,653.44,451.2,2342.6,546.6,2376.6
3725,EG,2,1BR,118.88,638.64,139.6,646.04,451.2,2308.5,546.6,2342.6
3725,EG,3,1BR,98.16,646.04,118.88,653.44,355.9,2342.6,451.2,2376.6
3725,EG,4,1BR,98.16,638.64,118.88,646.04,355.9,2308.5,451.2,2342.6
3733,EG,1,1BR,77.44,646.04,98.16,653.44,260.6,2342.6,355.9,2376.6
3733,EG,2,1BR,77.44,638.64,98.16,646.04,260.6,2308.5,355.9,2342.6
3733,EG,3,1BR,56.72,646.04,77.44,653.44,165.3,2342.6,260.6,2376.6
3733,EG,4,1BR,56.72,638.64,77.44,646.04,165.3,2308.5,260.6,2342.6
3582,KG,1,3-4BR,921.78,357.44,942.5,364.84,4144.6,1015,4239.9,1049.1
3582,KG,2,3-4BR,921.78,364.84,942.5,372.24,4144.6,1049.1,4239.9,1083.1
3582,KG,3,3-4BR,901.06,357.44,921.78,364.84,4049.3,1015,4144.6,1049.1
3582,KG,4,3-4BR,901.06,364.84,921.78,372.24,4049.3,1049.1,4144.6,1083.1
3588,KG,1,3-4BR,880.34,357.44,901.06,364.84,3954,1015,4049.3,1049.1
3588,KG,2,3-4BR,880.34,364.84,901.06,372.24,3954,1049.1,4049.3,1083.1
3588,KG,3,3-4BR,859.62,357.44,880.34,364.84,3858.7,1015,3954,1049.1
3588,KG,4,3-4BR,859.62,364.84,880.34,372.24,3858.7,1049.1,3954,1083.1
3594,KG,1,3-4BR,838.9,357.44,859.62,364.84,3763.3,1015,3858.7,1049.1
3594,KG,2,3-4BR,838.9,364.84,859.62,372.24,3763.3,1049.1,3858.7,1083.1
3594,KG,3,3-4BR,818.18,357.44,838.9,364.84,3668,1015,3763.3,1049.1
3594,KG,4,3-4BR,818.18,364.84,838.9,372.24,3668,1049.1,3763.3,1083.1
3608,KG,1,3-4BR,797.46,357.44,818.18,364.84,3572.7,1015,3668,1049.1
3608,KG,2,3-4BR,797.46,364.84,818.18,372.24,3572.7,1049.1,3668,1083.1
3608,KG,3,3-4BR,776.74,357.44,797.46,364.84,3477.4,1015,3572.7,1049.1
3608,KG,4,3-4BR,776.74,364.84,797.46,372.24,3477.4,1049.1,3572.7,1083.1
3613,KG,1,3-4BR,688.68,342.64,709.4,350.04,3072.3,946.9,3167.6,981
3613,KG,2,3-4BR,688.68,350.04,709.4,357.44,3072.3,981,3167.6,1015
3613,KG,3,3-4BR,688.68,357.44,709.4,364.84,3072.3,1015,3167.6,1049.1
3613,KG,4,3-4BR,688.68,364.84,709.4,372.24,3072.3,1049.1,3167.6,1083.1
3613,KG,5,3-4BR,688.68,372.24,709.4,379.64,3072.3,1083.1,3167.6,1117.1
3613,KG,6,3-4BR,688.68,379.64,709.4,387.04,3072.3,1117.1,3167.6,1151.2
3613,KG,7,3-4BR,688.68,387.04,709.4,394.44,3072.3,1151.2,3167.6,1185.2
3613,KG,8,3-4BR,688.68,394.44,709.4,401.84,3072.3,1185.2,3167.6,1219.3
3613,KG,9,3-4BR,688.68,401.84,709.4,409.24,3072.3,1219.3,3167.6,1253.3
3613,KG,10,3-4BR,688.86,409.24,709.58,416.64,3073.2,1253.3,3168.5,1287.3
3613,KG,11,3-4BR,668.14,342.64,688.86,350.04,2977.8,946.9,3073.2,981
3613,KG,12,3-4BR,668.14,350.04,688.86,357.44,2977.8,981,3073.2,1015
3613,KG,13,3-4BR,668.14,357.44,688.86,364.84,2977.8,1015,3073.2,1049.1
3613,KG,14,3-4BR,668.14,364.84,688.86,372.24,2977.8,1049.1,3073.2,1083.1
3613,KG,15,3-4BR,668.14,372.24,688.86,379.64,2977.8,1083.1,3073.2,1117.1
3613,KG,16,3-4BR,668.14,379.64,688.86,387.04,2977.8,1117.1,3073.2,1151.2
3613,KG,17,3-4BR,668.14,387.04,688.86,394.44,2977.8,1151.2,3073.2,1185.2
3613,KG,18,3-4BR,668.14,394.44,688.86,401.84,2977.8,1185.2,3073.2,1219.3
3613,KG,19,3-4BR,668.14,401.84,688.86,409.24,2977.8,1219.3,3073.2,1253.3
3613,KG,20,3-4BR,668.14,409.24,688.86,416.64,2977.8,1253.3,3073.2,1287.3
3616,KG,1,3-4BR,730.12,361.14,750.84,368.54,3263,1032,3358.3,1066.1
3616,KG,2,3-4BR,750.84,361.14,771.56,368.54,3358.3,1032,3453.6,1066.1
3616,KG,3,3-4BR,730.12,368.54,750.84,375.94,3263,1066.1,3358.3,1100.1
3616,KG,4,3-4BR,750.84,368.54,771.56,375.94,3358.3,1066.1,3453.6,1100.1
3624,KG,1,3-4BR,730.12,375.94,750.84,383.34,3263,1100.1,3358.3,1134.2
3624,KG,2,3-4BR,750.84,375.94,771.56,383.34,3358.3,1100.1,3453.6,1134.2
3624,KG,3,3-4BR,730.12,383.34,750.84,390.74,3263,1134.2,3358.3,1168.2
3624,KG,4,3-4BR,750.84,383.34,771.56,390.74,3358.3,1134.2,3453.6,1168.2
3639,KG,1,3-4BR,688.68,461.04,709.4,468.44,3072.3,1491.6,3167.6,1525.6
3639,KG,2,3-4BR,667.96,461.04,688.68,468.44,2977,1491.6,3072.3,1525.6
3639,KG,3,3-4BR,688.68,468.44,709.4,475.84,3072.3,1525.6,3167.6,1559.7
3639,KG,4,3-4BR,667.96,468.44,688.68,475.84,2977,1525.6,3072.3,1559.7
3642,KG,1,3-4BR,730.12,457.34,750.84,464.74,3263,1474.6,3358.3,1508.6
3642,KG,2,3-4BR,750.84,457.34,771.56,464.74,3358.3,1474.6,3453.6,1508.6
3642,KG,3,3-4BR,730.12,464.74,750.84,472.14,3263,1508.6,3358.3,1542.6
3642,KG,4,3-4BR,750.84,464.74,771.56,472.14,3358.3,1508.6,3453.6,1542.6
3645,KG,1,3-4BR,688.68,475.84,709.4,483.24,3072.3,1559.7,3167.6,1593.7
3645,KG,2,3-4BR,667.96,475.84,688.68,483.24,2977,1559.7,3072.3,1593.7
3645,KG,3,3-4BR,688.68,483.24,709.4,490.64,3072.3,1593.7,3167.6,1627.7
3645,KG,4,3-4BR,667.96,483.24,688.68,490.64,2977,1593.7,3072.3,1627.7
3648,KG,1,3-4BR,730.12,472.14,750.84,479.54,3263,1542.6,3358.3,1576.7
3648,KG,2,3-4BR,750.84,472.14,771.56,479.54,3358.3,1542.6,3453.6,1576.7
3648,KG,3,3-4BR,730.12,479.54,750.84,486.94,3263,1576.7,3358.3,1610.7
3648,KG,4,3-4BR,750.84,479.54,771.56,486.94,3358.3,1576.7,3453.6,1610.7
3651,KG,1,3-4BR,688.68,490.64,709.4,498.04,3072.3,1627.7,3167.6,1661.8
3651,KG,2,3-4BR,667.96,490.64,688.68,498.04,2977,1627.7,3072.3,1661.8
3651,KG,3,3-4BR,688.68,498.04,709.4,505.44,3072.3,1661.8,3167.6,1695.8
3651,KG,4,3-4BR,667.96,498.04,688.68,505.44,2977,1661.8,3072.3,1695.8
3654,KG,1,3-4BR,730.12,501.74,750.84,509.14,3263,1678.8,3358.3,1712.8
3654,KG,2,3-4BR,750.84,501.74,771.56,509.14,3358.3,1678.8,3453.6,1712.8
3654,KG,3,3-4BR,730.12,509.14,750.84,516.54,3263,1712.8,3358.3,1746.9
3654,KG,4,3-4BR,750.84,509.14,771.56,516.54,3358.3,1712.8,3453.6,1746.9
3657,KG,1,3-4BR,688.68,505.44,709.4,512.84,3072.3,1695.8,3167.6,1729.9
3657,KG,2,3-4BR,667.96,505.44,688.68,512.84,2977,1695.8,3072.3,1729.9
3657,KG,3,3-4BR,688.68,512.84,709.4,520.24,3072.3,1729.9,3167.6,1763.9
3657,KG,4,3-4BR,667.96,512.84,688.68,520.24,2977,1729.9,3072.3,1763.9
3660,KG,1,3-4BR,730.12,516.54,750.84,523.94,3263,1746.9,3358.3,1780.9
3660,KG,2,3-4BR,750.84,516.54,771.56,523.94,3358.3,1746.9,3453.6,1780.9
3660,KG,3,3-4BR,730.12,523.94,750.84,531.34,3263,1780.9,3358.3,1815
3660,KG,4,3-4BR,750.84,523.94,771.56,531.34,3358.3,1780.9,3453.6,1815
3663,KG,1,3-4BR,621.34,520.24,642.06,527.64,2762.6,1763.9,2857.9,1797.9
3663,KG,2,3-4BR,621.34,512.84,642.06,520.24,2762.6,1729.9,2857.9,1763.9
3663,KG,3,3-4BR,642.06,520.24,662.78,527.64,2857.9,1763.9,2953.2,1797.9
3663,KG,4,3-4BR,642.06,512.84,662.78,520.24,2857.9,1729.9,2953.2,1763.9
3693,KG,1,3-4BR,315.72,531.34,336.44,538.74,1356.7,1815,1452,1849
3693,KG,2,3-4BR,315.72,523.94,336.44,531.34,1356.7,1780.9,1452,1815
3693,KG,3,3-4BR,295,531.34,315.72,538.74,1261.4,1815,1356.7,1849
3693,KG,4,3-4BR,295,523.94,315.72,531.34,1261.4,1780.9,1356.7,1815
3713,KG,1,3-4BR,253.56,531.34,274.28,538.74,1070.8,1815,1166.1,1849
3713,KG,2,3-4BR,253.56,523.94,274.28,531.34,1070.8,1780.9,1166.1,1815
3713,KG,3,3-4BR,232.84,531.34,253.56,538.74,975.5,1815,1070.8,1849
3713,KG,4,3-4BR,232.84,523.94,253.56,531.34,975.5,1780.9,1070.8,1815
3721,KG,1,3-4BR,212.12,531.34,232.84,538.74,880.2,1815,975.5,1849
3721,KG,2,3-4BR,212.12,523.94,232.84,531.34,880.2,1780.9,975.5,1815
3721,KG,3,3-4BR,191.4,531.34,212.12,538.74,784.8,1815,880.2,1849
3721,KG,4,3-4BR,191.4,523.94,212.12,531.34,784.8,1780.9,880.2,1815
3725,KG,1,3-4BR,170.68,531.34,191.4,538.74,689.5,1815,784.8,1849
3725,KG,2,3-4BR,170.68,523.94,191.4,531.34,689.5,1780.9,784.8,1815
3725,KG,3,3-4BR,149.96,531.34,170.68,538.74,594.2,1815,689.5,1849
3725,KG,4,3-4BR,149.96,523.94,170.68,531.34,594.2,1780.9,689.5,1815
3733,KG,1,3-4BR,129.24,531.34,149.96,538.74,498.9,1815,594.2,1849
3733,KG,2,3-4BR,129.24,523.94,149.96,531.34,498.9,1780.9,594.2,1815
3733,KG,3,3-4BR,108.52,531.34,129.24,538.74,403.6,1815,498.9,1849
3733,KG,4,3-4BR,108.52,523.94,129.24,531.34,403.6,1780.9,498.9,1815
3587,LB,1,2BR,838.9,205.74,859.62,213.14,3763.3,317.2,3858.7,351.2
3587,LB,2,2BR,838.9,198.34,859.62,205.74,3763.3,283.2,3858.7,317.2
3587,LB,3,2BR,818.18,205.74,838.9,213.14,3668,317.2,3763.3,351.2
3587,LB,4,2BR,818.18,198.34,838.9,205.74,3668,283.2,3763.3,317.2
3592,LB,1,2BR,818.18,227.94,838.9,235.34,3668,419.3,3763.3,453.4
3592,LB,2,2BR,818.18,235.34,838.9,242.74,3668,453.4,3763.3,487.4
3592,LB,3,2BR,838.9,227.94,859.62,235.34,3763.3,419.3,3858.7,453.4
3592,LB,4,2BR,838.9,235.34,859.62,242.74,3763.3,453.4,3858.7,487.4
3598,LB,1,2BR,776.74,227.94,797.46,235.34,3477.4,419.3,3572.7,453.4
3598,LB,2,2BR,776.74,235.34,797.46,242.74,3477.4,453.4,3572.7,487.4
3598,LB,3,2BR,797.46,227.94,818.18,235.34,3572.7,419.3,3668,453.4
3598,LB,4,2BR,797.46,235.34,818.18,242.74,3572.7,453.4,3668,487.4
3599,LB,1,2BR,797.46,205.74,818.18,213.14,3572.7,317.2,3668,351.2
3599,LB,2,2BR,797.46,198.34,818.18,205.74,3572.7,283.2,3668,317.2
3599,LB,3,2BR,776.74,205.74,797.46,213.14,3477.4,317.2,3572.7,351.2
3599,LB,4,2BR,776.74,198.34,797.46,205.74,3477.4,283.2,3572.7,317.2
3604,LB,1,2BR,735.3,227.94,756.02,235.34,3286.8,419.3,3382.1,453.4
3604,LB,2,2BR,735.3,235.34,756.02,242.74,3286.8,453.4,3382.1,487.4
3604,LB,3,2BR,756.02,227.94,776.74,235.34,3382.1,419.3,3477.4,453.4
3604,LB,4,2BR,756.02,235.34,776.74,242.74,3382.1,453.4,3477.4,487.4
3605,LB,1,2BR,756.02,205.74,776.74,213.14,3382.1,317.2,3477.4,351.2
3605,LB,2,2BR,756.02,198.34,776.74,205.74,3382.1,283.2,3477.4,317.2
3605,LB,3,2BR,735.3,205.74,756.02,213.14,3286.8,317.2,3382.1,351.2
3605,LB,4,2BR,735.3,198.34,756.02,205.74,3286.8,283.2,3382.1,317.2
1711,LP,1,2BR,1123.8,179.84,1144.52,187.24,5073.9,198.1,5169.2,232.1
1711,LP,2,2BR,1103.08,179.84,1123.8,187.24,4978.6,198.1,5073.9,232.1
1711,LP,3,2BR,1123.8,187.24,1144.52,194.64,5073.9,232.1,5169.2,266.1
1711,LP,4,2BR,1103.08,187.24,1123.8,194.64,4978.6,232.1,5073.9,266.1
1717,LP,1,2BR,1123.8,194.64,1144.52,202.04,5073.9,266.1,5169.2,300.2
1717,LP,2,2BR,1103.08,194.64,1123.8,202.04,4978.6,266.1,5073.9,300.2
1717,LP,3,2BR,1123.8,202.04,1144.52,209.44,5073.9,300.2,5169.2,334.2
1717,LP,4,2BR,1103.08,202.04,1123.8,209.44,4978.6,300.2,5073.9,334.2
1727,LP,1,2BR,1123.8,231.64,1144.52,239.04,5073.9,436.3,5169.2,470.4
1727,LP,2,2BR,1103.08,231.64,1123.8,239.04,4978.6,436.3,5073.9,470.4
1727,LP,3,2BR,1123.8,239.04,1144.52,246.44,5073.9,470.4,5169.2,504.4
1727,LP,4,2BR,1103.08,239.04,1123.8,246.44,4978.6,470.4,5073.9,504.4
1735,LP,1,2BR,1123.8,246.44,1144.52,253.84,5073.9,504.4,5169.2,538.5
1735,LP,2,2BR,1103.08,246.44,1123.8,253.84,4978.6,504.4,5073.9,538.5
1735,LP,3,2BR,1123.8,253.84,1144.52,261.24,5073.9,538.5,5169.2,572.5
1735,LP,4,2BR,1103.08,253.84,1123.8,261.24,4978.6,538.5,5073.9,572.5
1745,LP,1,2BR,1123.8,283.44,1144.52,290.84,5073.9,674.6,5169.2,708.7
1745,LP,2,2BR,1103.08,283.44,1123.8,290.84,4978.6,674.6,5073.9,708.7
1745,LP,3,2BR,1123.8,290.84,1144.52,298.24,5073.9,708.7,5169.2,742.7
1745,LP,4,2BR,1103.08,290.84,1123.8,298.24,4978.6,708.7,5073.9,742.7
1753,LP,1,2BR,1123.8,298.24,1144.52,305.64,5073.9,742.7,5169.2,776.7
1753,LP,2,2BR,1103.08,298.24,1123.8,305.64,4978.6,742.7,5073.9,776.7
1753,LP,3,2BR,1123.8,305.64,1144.52,313.04,5073.9,776.7,5169.2,810.8
1753,LP,4,2BR,1103.08,305.64,1123.8,313.04,4978.6,776.7,5073.9,810.8
3547,MBP,1,2BR,1077.36,309.34,1098.08,316.74,4860.3,793.8,4955.6,827.8
3547,MBP,2,2BR,1077.36,301.94,1098.08,309.34,4860.3,759.7,4955.6,793.8
3547,MBP,3,2BR,1056.64,309.34,1077.36,316.74,4764.9,793.8,4860.3,827.8
3547,MBP,4,2BR,1056.64,301.94,1077.36,309.34,4764.9,759.7,4860.3,793.8
3557,MBP,1,2BR,1035.92,309.34,1056.64,316.74,4669.6,793.8,4764.9,827.8
3557,MBP,2,2BR,1035.92,301.94,1056.64,309.34,4669.6,759.7,4764.9,793.8
3557,MBP,3,2BR,1015.2,309.34,1035.92,316.74,4574.3,793.8,4669.6,827.8
3557,MBP,4,2BR,1015.2,301.94,1035.92,309.34,4574.3,759.7,4669.6,793.8
3567,MBP,1,2BR,994.48,309.34,1015.2,316.74,4479,793.8,4574.3,827.8
3567,MBP,2,2BR,994.48,301.94,1015.2,309.34,4479,759.7,4574.3,793.8
3567,MBP,3,2BR,973.76,309.34,994.48,316.74,4383.7,793.8,4479,827.8
3567,MBP,4,2BR,973.76,301.94,994.48,309.34,4383.7,759.7,4479,793.8
3589,MBP,1,2BR,839.08,309.34,859.8,316.74,3764.2,793.8,3859.5,827.8
3589,MBP,2,2BR,839.08,301.94,859.8,309.34,3764.2,759.7,3859.5,793.8
3589,MBP,3,2BR,818.36,309.34,839.08,316.74,3668.9,793.8,3764.2,827.8
3589,MBP,4,2BR,818.36,301.94,839.08,309.34,3668.9,759.7,3764.2,793.8
3595,MBP,1,2BR,797.64,309.34,818.36,316.74,3573.5,793.8,3668.9,827.8
3595,MBP,2,2BR,797.64,301.94,818.36,309.34,3573.5,759.7,3668.9,793.8
3595,MBP,3,2BR,776.92,309.34,797.64,316.74,3478.2,793.8,3573.5,827.8
3595,MBP,4,2BR,776.92,301.94,797.64,309.34,3478.2,759.7,3573.5,793.8
3607,MBP,1,2BR,756.2,309.34,776.92,316.74,3382.9,793.8,3478.2,827.8
3607,MBP,2,2BR,756.2,301.94,776.92,309.34,3382.9,759.7,3478.2,793.8
3607,MBP,3,2BR,735.48,309.34,756.2,316.74,3287.6,793.8,3382.9,827.8
3607,MBP,4,2BR,735.48,301.94,756.2,309.34,3287.6,759.7,3382.9,793.8
3631,MBP,1,2BR,600.8,309.34,621.52,316.74,2668.1,793.8,2763.4,827.8
3631,MBP,2,2BR,600.8,301.94,621.52,309.34,2668.1,759.7,2763.4,793.8
3631,MBP,3,2BR,580.08,309.34,600.8,316.74,2572.8,793.8,2668.1,827.8
3631,MBP,4,2BR,580.08,301.94,600.8,309.34,2572.8,759.7,2668.1,793.8
3639,MBP,1,2BR,559.36,309.34,580.08,316.74,2477.5,793.8,2572.8,827.8
3639,MBP,2,2BR,559.36,301.94,580.08,309.34,2477.5,759.7,2572.8,793.8
3639,MBP,3,2BR,538.64,309.34,559.36,316.74,2382.1,793.8,2477.5,827.8
3639,MBP,4,2BR,538.64,301.94,559.36,309.34,2382.1,759.7,2477.5,793.8
3645,MBP,1,2BR,517.92,309.34,538.64,316.74,2286.8,793.8,2382.1,827.8
3645,MBP,2,2BR,517.92,301.94,538.64,309.34,2286.8,759.7,2382.1,793.8
3645,MBP,3,2BR,497.2,309.34,517.92,316.74,2191.5,793.8,2286.8,827.8
3645,MBP,4,2BR,497.2,301.94,517.92,309.34,2191.5,759.7,2286.8,793.8
3548,MBR,1,2BR,1072.18,153.94,1092.9,161.34,4836.4,78.9,4931.7,113
3548,MBR,2,2BR,1072.18,146.54,1092.9,153.94,4836.4,44.9,4931.7,78.9
3548,MBR,3,2BR,1051.46,153.94,1072.18,161.34,4741.1,78.9,4836.4,113
3548,MBR,4,2BR,1051.46,146.54,1072.18,153.94,4741.1,44.9,4836.4,78.9
3554,MBR,1,2BR,1030.74,153.94,1051.46,161.34,4645.8,78.9,4741.1,113
3554,MBR,2,2BR,1030.74,146.54,1051.46,153.94,4645.8,44.9,4741.1,78.9
3554,MBR,3,2BR,1010.02,153.94,1030.74,161.34,4550.5,78.9,4645.8,113
3554,MBR,4,2BR,1010.02,146.54,1030.74,153.94,4550.5,44.9,4645.8,78.9
3560,MBR,1,2BR,989.3,153.94,1010.02,161.34,4455.2,78.9,4550.5,113
3560,MBR,2,2BR,989.3,146.54,1010.02,153.94,4455.2,44.9,4550.5,78.9
3560,MBR,3,2BR,968.58,153.94,989.3,161.34,4359.9,78.9,4455.2,113
3560,MBR,4,2BR,968.58,146.54,989.3,153.94,4359.9,44.9,4455.2,78.9
3568,MBR,1,2BR,947.86,153.94,968.58,161.34,4264.6,78.9,4359.9,113
3568,MBR,2,2BR,947.86,146.54,968.58,153.94,4264.6,44.9,4359.9,78.9
3568,MBR,3,2BR,927.14,153.94,947.86,161.34,4169.2,78.9,4264.6,113
3568,MBR,4,2BR,927.14,146.54,947.86,153.94,4169.2,44.9,4264.6,78.9
3584,MBR,1,2BR,885.7,153.94,906.42,161.34,3978.6,78.9,4073.9,113
3584,MBR,2,2BR,885.7,146.54,906.42,153.94,3978.6,44.9,4073.9,78.9
3584,MBR,3,2BR,864.98,153.94,885.7,161.34,3883.3,78.9,3978.6,113
3584,MBR,4,2BR,864.98,146.54,885.7,153.94,3883.3,44.9,3978.6,78.9
3596,MBR,1,2BR,844.26,153.94,864.98,161.34,3788,78.9,3883.3,113
3596,MBR,2,2BR,844.26,146.54,864.98,153.94,3788,44.9,3883.3,78.9
3596,MBR,3,2BR,823.54,153.94,844.26,161.34,3692.7,78.9,3788,113
3596,MBR,4,2BR,823.54,146.54,844.26,153.94,3692.7,44.9,3788,78.9
3602,MBR,1,2BR,802.82,153.94,823.54,161.34,3597.4,78.9,3692.7,113
3602,MBR,2,2BR,802.82,146.54,823.54,153.94,3597.4,44.9,3692.7,78.9
3602,MBR,3,2BR,782.1,153.94,802.82,161.34,3502.1,78.9,3597.4,113
3602,MBR,4,2BR,782.1,146.54,802.82,153.94,3502.1,44.9,3597.4,78.9
3608,MBR,1,2BR,761.38,153.94,782.1,161.34,3406.7,78.9,3502.1,113
3608,MBR,2,2BR,761.38,146.54,782.1,153.94,3406.7,44.9,3502.1,78.9
3608,MBR,3,2BR,740.66,153.94,761.38,161.34,3311.4,78.9,3406.7,113
3608,MBR,4,2BR,740.66,146.54,761.38,153.94,3311.4,44.9,3406.7,78.9
1728,MBS,1,2BR,450.58,231.64,471.3,239.04,1977.1,436.3,2072.4,470.4
1728,MBS,2,2BR,471.3,231.64,492.02,239.04,2072.4,436.3,2167.7,470.4
1728,MBS,3,2BR,450.58,239.04,471.3,246.44,1977.1,470.4,2072.4,504.4
1728,MBS,4,2BR,471.3,239.04,492.02,246.44,2072.4,470.4,2167.7,504.4
1736,MBS,1,2BR,450.58,246.44,471.3,253.84,1977.1,504.4,2072.4,538.5
1736,MBS,2,2BR,471.3,246.44,492.02,253.84,2072.4,504.4,2167.7,538.5
1736,MBS,3,2BR,450.58,253.84,471.3,261.24,1977.1,538.5,2072.4,572.5
1736,MBS,4,2BR,471.3,253.84,492.02,261.24,2072.4,538.5,2167.7,572.5
1773,NG,1,3-4BR,968.58,361.14,989.3,368.54,4359.9,1032,4455.2,1066.1
1773,NG,2,3-4BR,947.86,361.14,968.58,368.54,4264.6,1032,4359.9,1066.1
1773,NG,3,3-4BR,968.58,368.54,989.3,375.94,4359.9,1066.1,4455.2,1100.1
1773,NG,4,3-4BR,947.86,368.54,968.58,375.94,4264.6,1066.1,4359.9,1100.1
1783,NG,1,3-4BR,968.58,375.94,989.3,383.34,4359.9,1100.1,4455.2,1134.2
1783,NG,2,3-4BR,947.86,375.94,968.58,383.34,4264.6,1100.1,4359.9,1134.2
1783,NG,3,3-4BR,968.58,383.34,989.3,390.74,4359.9,1134.2,4455.2,1168.2
1783,NG,4,3-4BR,947.86,383.34,968.58,390.74,4264.6,1134.2,4359.9,1168.2
1795,NG,1,3-4BR,968.58,409.24,989.3,416.64,4359.9,1253.3,4455.2,1287.3
1795,NG,2,3-4BR,947.86,409.24,968.58,416.64,4264.6,1253.3,4359.9,1287.3
1795,NG,3,3-4BR,968.58,416.64,989.3,424.04,4359.9,1287.3,4455.2,1321.4
1795,NG,4,3-4BR,947.86,416.64,968.58,424.04,4264.6,1287.3,4359.9,1321.4
1803,NG,1,3-4BR,968.58,424.04,989.3,431.44,4359.9,1321.4,4455.2,1355.4
1803,NG,2,3-4BR,947.86,424.04,968.58,431.44,4264.6,1321.4,4359.9,1355.4
1803,NG,3,3-4BR,968.58,431.44,989.3,438.84,4359.9,1355.4,4455.2,1389.5
1803,NG,4,3-4BR,947.86,431.44,968.58,438.84,4264.6,1355.4,4359.9,1389.5
1815,NG,1,3-4BR,968.58,457.34,989.3,464.74,4359.9,1474.6,4455.2,1508.6
1815,NG,2,3-4BR,947.86,457.34,968.58,464.74,4264.6,1474.6,4359.9,1508.6
1815,NG,3,3-4BR,968.58,464.74,989.3,472.14,4359.9,1508.6,4455.2,1542.6
1815,NG,4,3-4BR,947.86,464.74,968.58,472.14,4264.6,1508.6,4359.9,1542.6
1825,NG,1,3-4BR,968.58,472.14,989.3,479.54,4359.9,1542.6,4455.2,1576.7
1825,NG,2,3-4BR,947.86,472.14,968.58,479.54,4264.6,1542.6,4359.9,1576.7
1825,NG,3,3-4BR,968.58,479.54,989.3,486.94,4359.9,1576.7,4455.2,1610.7
1825,NG,4,3-4BR,947.86,479.54,968.58,486.94,4264.6,1576.7,4359.9,1610.7
1835,NG,1,3-4BR,968.58,501.74,989.3,509.14,4359.9,1678.8,4455.2,1712.8
1835,NG,2,3-4BR,947.86,501.74,968.58,509.14,4264.6,1678.8,4359.9,1712.8
1835,NG,3,3-4BR,968.58,509.14,989.3,516.54,4359.9,1712.8,4455.2,1746.9
1835,NG,4,3-4BR,947.86,509.14,968.58,516.54,4264.6,1712.8,4359.9,1746.9
1845,NG,1,3-4BR,968.58,516.54,989.3,523.94,4359.9,1746.9,4455.2,1780.9
1845,NG,2,3-4BR,947.86,516.54,968.58,523.94,4264.6,1746.9,4359.9,1780.9
1845,NG,3,3-4BR,968.58,523.94,989.3,531.34,4359.9,1780.9,4455.2,1815
1845,NG,4,3-4BR,947.86,523.94,968.58,531.34,4264.6,1780.9,4359.9,1815
3580,PJ,1,3-4BR,921.96,405.54,942.68,412.94,4145.4,1236.3,4240.7,1270.3
3580,PJ,2,3-4BR,921.96,412.94,942.68,420.34,4145.4,1270.3,4240.7,1304.4
3580,PJ,3,3-4BR,901.24,405.54,921.96,412.94,4050.1,1236.3,4145.4,1270.3
3580,PJ,4,3-4BR,901.24,412.94,921.96,420.34,4050.1,1270.3,4145.4,1304.4
3581,PJ,1,3-4BR,921.96,383.34,942.68,390.74,4145.4,1134.2,4240.7,1168.2
3581,PJ,2,3-4BR,921.96,375.94,942.68,383.34,4145.4,1100.1,4240.7,1134.2
3581,PJ,3,3-4BR,901.24,383.34,921.96,390.74,4050.1,1134.2,4145.4,1168.2
3581,PJ,4,3-4BR,901.24,375.94,921.96,383.34,4050.1,1100.1,4145.4,1134.2
3585,PJ,1,3-4BR,880.52,383.34,901.24,390.74,3954.8,1134.2,4050.1,1168.2
3585,PJ,2,3-4BR,880.52,375.94,901.24,383.34,3954.8,1100.1,4050.1,1134.2
3585,PJ,3,3-4BR,859.8,383.34,880.52,390.74,3859.5,1134.2,3954.8,1168.2
3585,PJ,4,3-4BR,859.8,375.94,880.52,383.34,3859.5,1100.1,3954.8,1134.2
3586,PJ,1,3-4BR,880.52,405.54,901.24,412.94,3954.8,1236.3,4050.1,1270.3
3586,PJ,2,3-4BR,880.52,412.94,901.24,420.34,3954.8,1270.3,4050.1,1304.4
3586,PJ,3,3-4BR,859.8,405.54,880.52,412.94,3859.5,1236.3,3954.8,1270.3
3586,PJ,4,3-4BR,859.8,412.94,880.52,420.34,3859.5,1270.3,3954.8,1304.4
3599,PJ,1,3-4BR,839.08,383.34,859.8,390.74,3764.2,1134.2,3859.5,1168.2
3599,PJ,2,3-4BR,839.08,375.94,859.8,383.34,3764.2,1100.1,3859.5,1134.2
3599,PJ,3,3-4BR,818.36,383.34,839.08,390.74,3668.9,1134.2,3764.2,1168.2
3599,PJ,4,3-4BR,818.36,375.94,839.08,383.34,3668.9,1100.1,3764.2,1134.2
3600,PJ,1,3-4BR,839.08,405.54,859.8,412.94,3764.2,1236.3,3859.5,1270.3
3600,PJ,2,3-4BR,839.08,412.94,859.8,420.34,3764.2,1270.3,3859.5,1304.4
3600,PJ,3,3-4BR,818.36,405.54,839.08,412.94,3668.9,1236.3,3764.2,1270.3
3600,PJ,4,3-4BR,818.36,412.94,839.08,420.34,3668.9,1270.3,3764.2,1304.4
3609,PJ,1,3-4BR,797.64,383.34,818.36,390.74,3573.5,1134.2,3668.9,1168.2
3609,PJ,2,3-4BR,797.64,375.94,818.36,383.34,3573.5,1100.1,3668.9,1134.2
3609,PJ,3,3-4BR,776.92,383.34,797.64,390.74,3478.2,1134.2,3573.5,1168.2
3609,PJ,4,3-4BR,776.92,375.94,797.64,383.34,3478.2,1100.1,3573.5,1134.2
3610,PJ,1,3-4BR,797.64,405.54,818.36,412.94,3573.5,1236.3,3668.9,1270.3
3610,PJ,2,3-4BR,797.64,412.94,818.36,420.34,3573.5,1270.3,3668.9,1304.4
3610,PJ,3,3-4BR,776.92,405.54,797.64,412.94,3478.2,1236.3,3573.5,1270.3
3610,PJ,4,3-4BR,776.92,412.94,797.64,420.34,3478.2,1270.3,3573.5,1304.4
3583,QL,1,3-4BR,921.96,431.44,942.68,438.84,4145.4,1355.4,4240.7,1389.5
3583,QL,2,3-4BR,921.96,424.04,942.68,431.44,4145.4,1321.4,4240.7,1355.4
3583,QL,3,3-4BR,901.24,431.44,921.96,438.84,4050.1,1355.4,4145.4,1389.5
3583,QL,4,3-4BR,901.24,424.04,921.96,431.44,4050.1,1321.4,4145.4,1355.4
3584,QL,1,3-4BR,921.96,453.64,942.68,461.04,4145.4,1457.5,4240.7,1491.6
3584,QL,2,3-4BR,921.96,461.04,942.68,468.44,4145.4,1491.6,4240.7,1525.6
3584,QL,3,3-4BR,901.24,453.64,921.96,461.04,4050.1,1457.5,4145.4,1491.6
3584,QL,4,3-4BR,901.24,461.04,921.96,468.44,4050.1,1491.6,4145.4,1525.6
3587,QL,1,3-4BR,880.52,431.44,901.24,438.84,3954.8,1355.4,4050.1,1389.5
3587,QL,2,3-4BR,880.52,424.04,901.24,431.44,3954.8,1321.4,4050.1,1355.4
3587,QL,3,3-4BR,859.8,431.44,880.52,438.84,3859.5,1355.4,3954.8,1389.5
3587,QL,4,3-4BR,859.8,424.04,880.52,431.44,3859.5,1321.4,3954.8,1355.4
3588,QL,1,3-4BR,880.52,453.64,901.24,461.04,3954.8,1457.5,4050.1,1491.6
3588,QL,2,3-4BR,880.52,461.04,901.24,468.44,3954.8,1491.6,4050.1,1525.6
3588,QL,3,3-4BR,859.8,453.64,880.52,461.04,3859.5,1457.5,3954.8,1491.6
3588,QL,4,3-4BR,859.8,461.04,880.52,468.44,3859.5,1491.6,3954.8,1525.6
3597,QL,1,3-4BR,839.08,431.44,859.8,438.84,3764.2,1355.4,3859.5,1389.5
3597,QL,2,3-4BR,839.08,424.04,859.8,431.44,3764.2,1321.4,3859.5,1355.4
3597,QL,3,3-4BR,818.36,431.44,839.08,438.84,3668.9,1355.4,3764.2,1389.5
3597,QL,4,3-4BR,818.36,424.04,839.08,431.44,3668.9,1321.4,3764.2,1355.4
3598,QL,1,3-4BR,839.08,453.64,859.8,461.04,3764.2,1457.5,3859.5,1491.6
3598,QL,2,3-4BR,839.08,461.04,859.8,468.44,3764.2,1491.6,3859.5,1525.6
3598,QL,3,3-4BR,818.36,453.64,839.08,461.04,3668.9,1457.5,3764.2,1491.6
3598,QL,4,3-4BR,818.36,461.04,839.08,468.44,3668.9,1491.6,3764.2,1525.6
3611,QL,1,3-4BR,797.64,431.44,818.36,438.84,3573.5,1355.4,3668.9,1389.5
3611,QL,2,3-4BR,797.64,424.04,818.36,431.44,3573.5,1321.4,3668.9,1355.4
3611,QL,3,3-4BR,776.92,431.44,797.64,438.84,3478.2,1355.4,3573.5,1389.5
3611,QL,4,3-4BR,776.92,424.04,797.64,431.44,3478.2,1321.4,3573.5,1355.4
3612,QL,1,3-4BR,797.64,453.64,818.36,461.04,3573.5,1457.5,3668.9,1491.6
3612,QL,2,3-4BR,797.64,461.04,818.36,468.44,3573.5,1491.6,3668.9,1525.6
3612,QL,3,3-4BR,776.92,453.64,797.64,461.04,3478.2,1457.5,3573.5,1491.6
3612,QL,4,3-4BR,776.92,461.04,797.64,468.44,3478.2,1491.6,3573.5,1525.6
3636,QL,1,3-4BR,621.52,453.64,642.24,461.04,2763.4,1457.5,2858.7,1491.6
3636,QL,2,3-4BR,621.52,461.04,642.24,468.44,2763.4,1491.6,2858.7,1525.6
3636,QL,3,3-4BR,642.24,453.64,662.96,461.04,2858.7,1457.5,2954,1491.6
3636,QL,4,3-4BR,642.24,461.04,662.96,468.44,2858.7,1491.6,2954,1525.6
3701,QU,1,3-4BR,269.28,457.34,290,464.74,1143.1,1474.6,1238.4,1508.6
3701,QU,2,3-4BR,269.28,449.94,290,457.34,1143.1,1440.5,1238.4,1474.6
3701,QU,3,3-4BR,248.56,457.34,269.28,464.74,1047.8,1474.6,1143.1,1508.6
3701,QU,4,3-4BR,248.56,449.94,269.28,457.34,1047.8,1440.5,1143.1,1474.6
3709,QU,1,3-4BR,227.84,457.34,248.56,464.74,952.5,1474.6,1047.8,1508.6
3709,QU,2,3-4BR,227.84,449.94,248.56,457.34,952.5,1440.5,1047.8,1474.6
3709,QU,3,3-4BR,207.12,457.34,227.84,464.74,857.2,1474.6,952.5,1508.6
3709,QU,4,3-4BR,207.12,449.94,227.84,457.34,857.2,1440.5,952.5,1474.6
3717,QU,1,3-4BR,186.4,457.34,207.12,464.74,761.8,1474.6,857.2,1508.6
3717,QU,2,3-4BR,186.4,449.94,207.12,457.34,761.8,1440.5,857.2,1474.6
3717,QU,3,3-4BR,165.68,457.34,186.4,464.74,666.5,1474.6,761.8,1508.6
3717,QU,4,3-4BR,165.68,449.94,186.4,457.34,666.5,1440.5,761.8,1474.6
3731,QU,1,3-4BR,144.96,457.34,165.68,464.74,571.2,1474.6,666.5,1508.6
3731,QU,2,3-4BR,144.96,449.94,165.68,457.34,571.2,1440.5,666.5,1474.6
3731,QU,3,3-4BR,124.24,457.34,144.96,464.74,475.9,1474.6,571.2,1508.6
3731,QU,4,3-4BR,124.24,449.94,144.96,457.34,475.9,1440.5,571.2,1474.6
3587,SNG,1,3-4BR,921.78,527.64,942.5,535.04,4144.6,1797.9,4239.9,1832
3587,SNG,2,3-4BR,921.78,520.24,942.5,527.64,4144.6,1763.9,4239.9,1797.9
3587,SNG,3,3-4BR,901.06,527.64,921.78,535.04,4049.3,1797.9,4144.6,1832
3587,SNG,4,3-4BR,901.06,520.24,921.78,527.64,4049.3,1763.9,4144.6,1797.9
3591,SNG,1,3-4BR,880.34,527.64,901.06,535.04,3954,1797.9,4049.3,1832
3591,SNG,2,3-4BR,880.34,520.24,901.06,527.64,3954,1763.9,4049.3,1797.9
3591,SNG,3,3-4BR,859.62,527.64,880.34,535.04,3858.7,1797.9,3954,1832
3591,SNG,4,3-4BR,859.62,520.24,880.34,527.64,3858.7,1763.9,3954,1797.9
3603,SNG,1,3-4BR,838.9,527.64,859.62,535.04,3763.3,1797.9,3858.7,1832
3603,SNG,2,3-4BR,838.9,520.24,859.62,527.64,3763.3,1763.9,3858.7,1797.9
3603,SNG,3,3-4BR,818.18,527.64,838.9,535.04,3668,1797.9,3763.3,1832
3603,SNG,4,3-4BR,818.18,520.24,838.9,527.64,3668,1763.9,3763.3,1797.9
3615,SNG,1,3-4BR,797.46,527.64,818.18,535.04,3572.7,1797.9,3668,1832
3615,SNG,2,3-4BR,797.46,520.24,818.18,527.64,3572.7,1763.9,3668,1797.9
3615,SNG,3,3-4BR,776.74,527.64,797.46,535.04,3477.4,1797.9,3572.7,1832
3615,SNG,4,3-4BR,776.74,520.24,797.46,527.64,3477.4,1763.9,3572.7,1797.9
1725,ST,1,2BR,647.24,231.64,667.96,239.04,2881.7,436.3,2977,470.4
1725,ST,2,2BR,626.52,231.64,647.24,239.04,2786.4,436.3,2881.7,470.4
1725,ST,3,2BR,647.24,239.04,667.96,246.44,2881.7,470.4,2977,504.4
1725,ST,4,2BR,626.52,239.04,647.24,246.44,2786.4,470.4,2881.7,504.4
1726,ST,1,2BR,688.68,231.64,709.4,239.04,3072.3,436.3,3167.6,470.4
1726,ST,2,2BR,709.4,231.64,730.12,239.04,3167.6,436.3,3263,470.4
1726,ST,3,2BR,688.68,239.04,709.4,246.44,3072.3,470.4,3167.6,504.4
1726,ST,4,2BR,709.4,239.04,730.12,246.44,3167.6,470.4,3263,504.4
1731,ST,1,2BR,647.24,246.44,667.96,253.84,2881.7,504.4,2977,538.5
1731,ST,2,2BR,626.52,246.44,647.24,253.84,2786.4,504.4,2881.7,538.5
1731,ST,3,2BR,647.24,253.84,667.96,261.24,2881.7,538.5,2977,572.5
1731,ST,4,2BR,626.52,253.84,647.24,261.24,2786.4,538.5,2881.7,572.5
1732,ST,1,2BR,688.68,246.44,709.4,253.84,3072.3,504.4,3167.6,538.5
1732,ST,2,2BR,709.4,246.44,730.12,253.84,3167.6,504.4,3263,538.5
1732,ST,3,2BR,688.68,253.84,709.4,261.24,3072.3,538.5,3167.6,572.5
1732,ST,4,2BR,709.4,253.84,730.12,261.24,3167.6,538.5,3263,572.5
1743,ST,1,2BR,647.24,283.44,667.96,290.84,2881.7,674.6,2977,708.7
1743,ST,2,2BR,626.52,283.44,647.24,290.84,2786.4,674.6,2881.7,708.7
1743,ST,3,2BR,647.24,290.84,667.96,298.24,2881.7,708.7,2977,742.7
1743,ST,4,2BR,626.52,290.84,647.24,298.24,2786.4,708.7,2881.7,742.7
1744,ST,1,2BR,688.68,283.44,709.4,290.84,3072.3,674.6,3167.6,708.7
1744,ST,2,2BR,709.4,283.44,730.12,290.84,3167.6,674.6,3263,708.7
1744,ST,3,2BR,688.68,290.84,709.4,298.24,3072.3,708.7,3167.6,742.7
1744,ST,4,2BR,709.4,290.84,730.12,298.24,3167.6,708.7,3263,742.7
1751,ST,1,2BR,647.24,298.24,667.96,305.64,2881.7,742.7,2977,776.7
1751,ST,2,2BR,626.52,298.24,647.24,305.64,2786.4,742.7,2881.7,776.7
1751,ST,3,2BR,647.24,305.64,667.96,313.04,2881.7,776.7,2977,810.8
1751,ST,4,2BR,626.52,305.64,647.24,313.04,2786.4,776.7,2881.7,810.8
1752,ST,1,2BR,688.68,298.24,709.4,305.64,3072.3,742.7,3167.6,776.7
1752,ST,2,2BR,709.4,298.24,730.12,305.64,3167.6,742.7,3263,776.7
1752,ST,3,2BR,688.68,305.64,709.4,313.04,3072.3,776.7,3167.6,810.8
1752,ST,4,2BR,709.4,305.64,730.12,313.04,3167.6,776.7,3263,810.8
1807,VI,1,3-4BR,315.72,435.14,336.44,442.54,1356.7,1372.4,1452,1406.5
1807,VI,2,3-4BR,295,435.14,315.72,442.54,1261.4,1372.4,1356.7,1406.5
1807,VI,3,3-4BR,315.72,442.54,336.44,449.94,1356.7,1406.5,1452,1440.5
1807,VI,4,3-4BR,295,442.54,315.72,449.94,1261.4,1406.5,1356.7,1440.5
1808,VI,1,3-4BR,357.16,453.64,377.88,461.04,1547.3,1457.5,1642.6,1491.6
1808,VI,2,3-4BR,377.88,453.64,398.6,461.04,1642.6,1457.5,1738,1491.6
1808,VI,3,3-4BR,357.16,461.04,377.88,468.44,1547.3,1491.6,1642.6,1525.6
1808,VI,4,3-4BR,377.88,461.04,398.6,468.44,1642.6,1491.6,1738,1525.6
1817,VI,1,3-4BR,315.72,449.94,336.44,457.34,1356.7,1440.5,1452,1474.6
1817,VI,2,3-4BR,295,449.94,315.72,457.34,1261.4,1440.5,1356.7,1474.6
1817,VI,3,3-4BR,315.72,457.34,336.44,464.74,1356.7,1474.6,1452,1508.6
1817,VI,4,3-4BR,295,457.34,315.72,464.74,1261.4,1474.6,1356.7,1508.6
1818,VI,1,3-4BR,357.16,468.44,377.88,475.84,1547.3,1525.6,1642.6,1559.7
1818,VI,2,3-4BR,377.88,468.44,398.6,475.84,1642.6,1525.6,1738,1559.7
1818,VI,3,3-4BR,357.16,475.84,377.88,483.24,1547.3,1559.7,1642.6,1593.7
1818,VI,4,3-4BR,377.88,475.84,398.6,483.24,1642.6,1559.7,1738,1593.7
1824,VI,1,3-4BR,357.16,483.24,377.88,490.64,1547.3,1593.7,1642.6,1627.7
1824,VI,2,3-4BR,377.88,483.24,398.6,490.64,1642.6,1593.7,1738,1627.7
1824,VI,3,3-4BR,357.16,490.64,377.88,498.04,1547.3,1627.7,1642.6,1661.8
1824,VI,4,3-4BR,377.88,490.64,398.6,498.04,1642.6,1627.7,1738,1661.8
1827,VI,1,3-4BR,315.72,479.54,336.44,486.94,1356.7,1576.7,1452,1610.7
1827,VI,2,3-4BR,295,479.54,315.72,486.94,1261.4,1576.7,1356.7,1610.7
1827,VI,3,3-4BR,315.72,486.94,336.44,494.34,1356.7,1610.7,1452,1644.8
1827,VI,4,3-4BR,295,486.94,315.72,494.34,1261.4,1610.7,1356.7,1644.8
1828,VI,1,3-4BR,357.16,498.04,377.88,505.44,1547.3,1661.8,1642.6,1695.8
1828,VI,2,3-4BR,377.88,498.04,398.6,505.44,1642.6,1661.8,1738,1695.8
1828,VI,3,3-4BR,357.16,505.44,377.88,512.84,1547.3,1695.8,1642.6,1729.9
1828,VI,4,3-4BR,377.88,505.44,398.6,512.84,1642.6,1695.8,1738,1729.9
1837,VI,1,3-4BR,315.72,494.34,336.44,501.74,1356.7,1644.8,1452,1678.8
1837,VI,2,3-4BR,295,494.34,315.72,501.74,1261.4,1644.8,1356.7,1678.8
1837,VI,3,3-4BR,315.72,501.74,336.44,509.14,1356.7,1678.8,1452,1712.8
1837,VI,4,3-4BR,295,501.74,315.72,509.14,1261.4,1678.8,1356.7,1712.8
1844,VI,1,3-4BR,357.16,512.84,377.88,520.24,1547.3,1729.9,1642.6,1763.9
1844,VI,2,3-4BR,377.88,512.84,398.6,520.24,1642.6,1729.9,1738,1763.9
1844,VI,3,3-4BR,357.16,520.24,377.88,527.64,1547.3,1763.9,1642.6,1797.9
1844,VI,4,3-4BR,377.88,520.24,398.6,527.64,1642.6,1763.9,1738,1797.9
3585,WD,1,3-4BR,921.78,479.54,942.5,486.94,4144.6,1576.7,4239.9,1610.7
3585,WD,2,3-4BR,921.78,472.14,942.5,479.54,4144.6,1542.6,4239.9,1576.7
3585,WD,3,3-4BR,901.06,479.54,921.78,486.94,4049.3,1576.7,4144.6,1610.7
3585,WD,4,3-4BR,901.06,472.14,921.78,479.54,4049.3,1542.6,4144.6,1576.7
3589,WD,1,3-4BR,880.34,479.54,901.06,486.94,3954,1576.7,4049.3,1610.7
3589,WD,2,3-4BR,880.34,472.14,901.06,479.54,3954,1542.6,4049.3,1576.7
3589,WD,3,3-4BR,859.62,479.54,880.34,486.94,3858.7,1576.7,3954,1610.7
3589,WD,4,3-4BR,859.62,472.14,880.34,479.54,3858.7,1542.6,3954,1576.7
3590,WD,3,3-4BR,859.62,501.74,880.34,509.14,3858.7,1678.8,3954,1712.8
3590,WD,4,3-4BR,859.62,509.14,880.34,516.54,3858.7,1712.8,3954,1746.9
3601,WD,1,3-4BR,838.9,479.54,859.62,486.94,3763.3,1576.7,3858.7,1610.7
3601,WD,2,3-4BR,838.9,472.14,859.62,479.54,3763.3,1542.6,3858.7,1576.7
3601,WD,3,3-4BR,818.18,479.54,838.9,486.94,3668,1576.7,3763.3,1610.7
3601,WD,4,3-4BR,818.18,472.14,838.9,479.54,3668,1542.6,3763.3,1576.7
3602,WD,1,3-4BR,838.9,501.74,859.62,509.14,3763.3,1678.8,3858.7,1712.8
3602,WD,2,3-4BR,838.9,509.14,859.62,516.54,3763.3,1712.8,3858.7,1746.9
3602,WD,3,3-4BR,818.18,501.74,838.9,509.14,3668,1678.8,3763.3,1712.8
3602,WD,4,3-4BR,818.18,509.14,838.9,516.54,3668,1712.8,3763.3,1746.9
3613,WD,1,3-4BR,797.46,479.54,818.18,486.94,3572.7,1576.7,3668,1610.7
3613,WD,2,3-4BR,797.46,472.14,818.18,479.54,3572.7,1542.6,3668,1576.7
3613,WD,3,3-4BR,776.74,479.54,797.46,486.94,3477.4,1576.7,3572.7,1610.7
3613,WD,4,3-4BR,776.74,472.14,797.46,479.54,3477.4,1542.6,3572.7,1576.7
3614,WD,1,3-4BR,797.46,501.74,818.18,509.14,3572.7,1678.8,3668,1712.8
3614,WD,2,3-4BR,797.46,509.14,818.18,516.54,3572.7,1712.8,3668,1746.9
3614,WD,3,3-4BR,776.74,501.74,797.46,509.14,3477.4,1678.8,3572.7,1712.8
3614,WD,4,3-4BR,776.74,509.14,797.46,516.54,3477.4,1712.8,3572.7,1746.9
1812,WX,1,3-4BR,574.9,461.04,595.62,468.44,2548.9,1491.6,2644.3,1525.6
1812,WX,2,3-4BR,595.62,461.04,616.34,468.44,2644.3,1491.6,2739.6,1525.6
1812,WX,3,3-4BR,574.9,468.44,595.62,475.84,2548.9,1525.6,2644.3,1559.7
1812,WX,4,3-4BR,595.62,468.44,616.34,475.84,2644.3,1525.6,2739.6,1559.7
1813,WX,1,3-4BR,533.46,468.44,554.18,475.84,2358.3,1525.6,2453.6,1559.7
1813,WX,2,3-4BR,512.74,468.44,533.46,475.84,2263,1525.6,2358.3,1559.7
1813,WX,3,3-4BR,533.46,475.84,554.18,483.24,2358.3,1559.7,2453.6,1593.7
1813,WX,4,3-4BR,512.74,475.84,533.46,483.24,2263,1559.7,2358.3,1593.7
1822,WX,1,3-4BR,574.9,475.84,595.62,483.24,2548.9,1559.7,2644.3,1593.7
1822,WX,2,3-4BR,595.62,475.84,616.34,483.24,2644.3,1559.7,2739.6,1593.7
1822,WX,3,3-4BR,574.9,483.24,595.62,490.64,2548.9,1593.7,2644.3,1627.7
1822,WX,4,3-4BR,595.62,483.24,616.34,490.64,2644.3,1593.7,2739.6,1627.7
1823,WX,1,3-4BR,533.46,483.24,554.18,490.64,2358.3,1593.7,2453.6,1627.7
1823,WX,2,3-4BR,512.74,483.24,533.46,490.64,2263,1593.7,2358.3,1627.7
1823,WX,3,3-4BR,533.46,490.64,554.18,498.04,2358.3,1627.7,2453.6,1661.8
1823,WX,4,3-4BR,512.74,490.64,533.46,498.04,2263,1627.7,2358.3,1661.8
1832,WX,1,3-4BR,574.9,490.64,595.62,498.04,2548.9,1627.7,2644.3,1661.8
1832,WX,2,3-4BR,595.62,490.64,616.34,498.04,2644.3,1627.7,2739.6,1661.8
1832,WX,3,3-4BR,574.9,498.04,595.62,505.44,2548.9,1661.8,2644.3,1695.8
1832,WX,4,3-4BR,595.62,498.04,616.34,505.44,2644.3,1661.8,2739.6,1695.8
1833,WX,1,3-4BR,533.46,498.04,554.18,505.44,2358.3,1661.8,2453.6,1695.8
1833,WX,2,3-4BR,512.74,498.04,533.46,505.44,2263,1661.8,2358.3,1695.8
1833,WX,3,3-4BR,533.46,505.44,554.18,512.84,2358.3,1695.8,2453.6,1729.9
1833,WX,4,3-4BR,512.74,505.44,533.46,512.84,2263,1695.8,2358.3,1729.9
1842,WX,1,3-4BR,574.9,505.44,595.62,512.84,2548.9,1695.8,2644.3,1729.9
1842,WX,2,3-4BR,595.62,505.44,616.34,512.84,2644.3,1695.8,2739.6,1729.9
1842,WX,3,3-4BR,574.9,512.84,595.62,520.24,2548.9,1729.9,2644.3,1763.9
1842,WX,4,3-4BR,595.62,512.84,616.34,520.24,2644.3,1729.9,2739.6,1763.9
1843,WX,1,3-4BR,533.46,512.84,554.18,520.24,2358.3,1729.9,2453.6,1763.9
1843,WX,2,3-4BR,512.74,512.84,533.46,520.24,2263,1729.9,2358.3,1763.9
1843,WX,3,3-4BR,533.46,520.24,554.18,527.64,2358.3,1763.9,2453.6,1797.9
1843,WX,4,3-4BR,512.74,520.24,533.46,527.64,2263,1763.9,2358.3,1797.9